15.0,13.3,24.5,18.7,8.8,28.2,17.4,23.8,29.1,18.5,32.9,22.8,9.5,14.5,23.2,17.8,21.8,23.0,43.8,20.6,22.1,23.6,21.4,12.7,14.1,21.4,38.7,16.5,22.9,43.5,16.8,20.1,21.2,31.6,19.3,14.6,46.0,26.7,22.0,17.0,13.6,48.3,36.2,24.7,29.4,23.8,20.0,23.9,11.3,17.8,22.6,36.4,42.8,23.8,25.0,7.2,25.2,21.4,13.8,22.4,22.5,37.0,19.1,32.5,16.2,22.2,20.4,18.8,20.7,18.3,23.0,16.3,17.8,23.9,13.6,35.2,28.7,22.8,24.1,21.1,17.2,21.1,20.1,19.4,7.0,27.9,23.1,13.3,50.0,17.7,13.3,50.0,33.1,19.4,23.7,19.2,11.7,18.7,19.1,20.1,15.6,22.7,24.4,15.0,31.0,23.7,50.0,18.6,18.6,23.1,50.0,23.0,22.9,33.3,23.1,33.4,28.4,50.0,16.6,20.9,36.2,17.2,13.8,10.2,36.0,20.6,23.3,19.1,14.9,24.4,22.3,8.5,16.7,8.1,20.3,21.7,13.8,17.9,32.4,19.5,44.8,23.1,16.5,24.8,14.1,26.6,19.3,17.2,14.6,20.1,19.6,50.0,22.8,35.4,8.5,15.7,20.6,14.0,20.4,11.9,20.9,21.7,19.9,10.9,19.7,23.2,48.8,7.4,20.3,17.5,24.4,22.5,17.1,14.2,23.9,37.3,23.6,19.5,25.0,11.0,37.9,21.5,15.0,14.3,25.0,7.0,27.5,36.1,24.5,11.8,13.1,21.5,50.0,34.6,14.1,44.0,20.8,31.1,30.1,24.5,20.2,13.1,25.0,50.0,15.2,13.5,21.7,12.5,29.6,10.5,33.0,23.2,24.6,13.5,21.9,22.0,5.0,42.3,10.4,15.4,19.4,19.6,18.4,21.0,13.9,12.8,32.2,24.7,34.7,17.6,7.5,22.4,27.5,29.8,21.2,24.3,14.4,34.9,28.1,28.4,20.6,41.3,39.8,19.0,31.2,19.9,30.1,21.4,22.6,17.8,20.4,17.3,14.5,33.2,20.0,33.4,16.1,17.1,20.2,34.9,15.6,10.9,13.0,16.1,50.0,22.7,20.5,13.4,22.3,18.9,24.0,23.3,28.6,30.5,23.7,13.4,19.8,12.0,34.9,30.8,24.3,23.4,12.7,18.5,8.4,12.7,23.0,50.0,13.2,20.6,20.3,45.4,10.2,41.7,14.9,18.9,7.2,24.2,7.2,19.5,19.3,20.0,27.1,23.5,6.3,20.8,19.9,23.4,14.8,43.1,20.4,18.3,23.9,21.2,10.8,31.5,19.4,33.1,23.2,23.7,26.6,29.8,21.9,13.4,17.5,19.5,17.5,20.7,32.0,29.1,18.4,14.3,20.5,32.7,13.8,29.6,23.8,18.9,24.8,50.0,22.2,22.6,17.8,14.5,22.0,27.5,37.2,23.1,21.2,18.2,19.8,31.5,18.1,18.9,24.7,22.9,20.1,8.3,16.2,27.0,16.8,32.0,22.6,21.8,12.3,50.0,24.3,31.6,31.7,20.6,21.2,18.2,30.1,23.1,10.4,18.0,26.4,18.4,13.1,24.8,22.9,26.5,24.4,48.5,8.8,21.7,22.6,25.0,28.0,22.0,30.7,15.6,21.0,35.1,24.8,18.2,21.6,19.1,50.0,26.4,17.4,19.9,24.6,36.5,28.5,21.7,24.1,21.6,5.6,13.4,24.0,21.0,13.9,21.4,11.7,18.7,23.9,18.5,21.7,9.7,33.2,25.1,26.6,22.0,16.6,37.6,21.7,22.8,20.0,19.8,8.4,22.2,20.8,23.3,8.3,21.9,46.7,11.5,17.4,19.3,20.3,13.8,5.0,15.4,28.7,20.0,50.0,11.8,19.4,16.7,28.7,14.9,16.0,22.0,50.0,15.2,27.1,27.5,12.6,16.4,25.0,17.1,22.0,15.3,29.0,50.0,24.1,9.6,29.9,10.5,8.7,15.6,15.2
25.3,25.0,29.0,19.6,14.4,22.2,27.9,13.1,11.9,12.1,15.1,16.1,19.0,18.5,19.3,19.7,22.5,18.8,15.6,33.8,30.3,10.2,23.1,35.4,20.5,22.2,19.4,19.2,19.6,26.2,19.6,25.0,23.3,31.6,19.3,14.6,46.0,26.7,22.0,17.0,13.6,48.3,36.2,24.7,29.4,23.8,20.0,23.9,11.3,17.8,22.6,36.4,42.8,23.8,25.0,7.2,25.2,21.4,13.8,22.4,22.5,37.0,19.1,32.5,16.2,22.2,20.4,18.8,20.7,18.3,23.0,16.3,17.8,23.9,13.6,35.2,28.7,22.8,24.1,21.1,17.2,21.1,20.1,19.4,7.0,27.9,23.1,13.3,50.0,17.7,13.3,50.0,33.1,19.4,23.7,19.2,11.7,18.7,19.1,20.1,15.6,22.7,24.4,15.0,31.0,23.7,50.0,18.6,18.6,23.1,50.0,23.0,22.9,33.3,23.1,33.4,28.4,50.0,16.6,20.9,36.2,17.2,13.8,10.2,36.0,20.6,23.3,19.1,14.9,24.4,22.3,8.5,16.7,8.1,20.3,21.7,13.8,17.9,32.4,19.5,44.8,23.1,16.5,24.8,14.1,26.6,19.3,17.2,14.6,20.1,19.6,50.0,22.8,35.4,8.5,15.7,20.6,14.0,20.4,11.9,20.9,21.7,19.9,10.9,19.7,23.2,48.8,7.4,20.3,17.5,24.4,22.5,17.1,14.2,23.9,37.3,23.6,19.5,25.0,11.0,37.9,21.5,15.0,14.3,25.0,7.0,27.5,36.1,24.5,11.8,13.1,21.5,50.0,34.6,14.1,44.0,20.8,31.1,30.1,24.5,20.2,13.1,25.0,50.0,15.2,13.5,21.7,12.5,29.6,10.5,33.0,23.2,24.6,13.5,21.9,22.0,5.0,42.3,10.4,15.4,19.4,19.6,18.4,21.0,13.9,12.8,32.2,24.7,34.7,17.6,7.5,22.4,27.5,29.8,21.2,24.3,14.4,34.9,28.1,28.4,20.6,41.3,39.8,19.0,31.2,19.9,30.1,21.4,22.6,17.8,20.4,17.3,14.5,33.2,20.0,33.4,16.1,17.1,20.2,34.9,15.6,10.9,13.0,16.1,50.0,22.7,20.5,13.4,22.3,18.9,24.0,23.3,28.6,30.5,23.7,13.4,19.8,12.0,34.9,30.8,24.3,23.4,12.7,18.5,8.4,12.7,23.0,50.0,13.2,20.6,20.3,45.4,10.2,41.7,14.9,18.9,7.2,24.2,7.2,19.5,19.3,20.0,27.1,23.5,6.3,20.8,19.9,23.4,14.8,43.1,20.4,18.3,23.9,21.2,10.8,31.5,19.4,33.1,23.2,23.7,26.6,29.8,21.9,13.4,17.5,19.5,17.5,20.7,32.0,29.1,18.4,14.3,20.5,32.7,13.8,29.6,23.8,18.9,24.8,50.0,22.2,22.6,17.8,14.5,22.0,27.5,37.2,23.1,21.2,18.2,19.8,31.5,18.1,18.9,24.7,22.9,20.1,8.3,16.2,27.0,16.8,32.0,22.6,21.8,12.3,50.0,24.3,31.6,31.7,20.6,21.2,18.2,30.1,23.1,10.4,18.0,26.4,18.4,13.1,24.8,22.9,26.5,24.4,48.5,8.8,21.7,22.6,25.0,28.0,22.0,30.7,15.6,21.0,35.1,24.8,18.2,21.6,19.1,50.0,26.4,17.4,19.9,24.6,36.5,28.5,21.7,24.1,21.6,5.6,13.4,24.0,21.0,13.9,21.4,11.7,18.7,23.9,18.5,21.7,9.7,33.2,25.1,26.6,22.0,16.6,37.6,21.7,22.8,20.0,19.8,8.4,22.2,20.8,23.3,8.3,21.9,46.7,11.5,17.4,19.3,20.3,13.8,5.0,15.4,28.7,20.0,50.0,11.8,19.4,16.7,28.7,14.9,16.0,22.0,50.0,15.2,27.1,27.5,12.6,16.4,25.0,17.1,22.0,15.3,29.0,50.0,24.1,9.6,29.9,10.5,8.7,15.6,15.2
25.3,25.0,29.0,19.6,14.4,22.2,27.9,13.1,11.9,12.1,15.1,16.1,19.0,18.5,19.3,19.7,22.5,18.8,15.6,33.8,30.3,10.2,23.1,35.4,20.5,22.2,19.4,19.2,19.6,26.2,19.6,25.0,23.3,15.0,13.3,24.5,18.7,8.8,28.2,17.4,23.8,29.1,18.5,32.9,22.8,9.5,14.5,23.2,17.8,21.8,23.0,43.8,20.6,22.1,23.6,21.4,12.7,14.1,21.4,38.7,16.5,22.9,43.5,16.8,20.1,21.2,20.4,18.8,20.7,18.3,23.0,16.3,17.8,23.9,13.6,35.2,28.7,22.8,24.1,21.1,17.2,21.1,20.1,19.4,7.0,27.9,23.1,13.3,50.0,17.7,13.3,50.0,33.1,19.4,23.7,19.2,11.7,18.7,19.1,20.1,15.6,22.7,24.4,15.0,31.0,23.7,50.0,18.6,18.6,23.1,50.0,23.0,22.9,33.3,23.1,33.4,28.4,50.0,16.6,20.9,36.2,17.2,13.8,10.2,36.0,20.6,23.3,19.1,14.9,24.4,22.3,8.5,16.7,8.1,20.3,21.7,13.8,17.9,32.4,19.5,44.8,23.1,16.5,24.8,14.1,26.6,19.3,17.2,14.6,20.1,19.6,50.0,22.8,35.4,8.5,15.7,20.6,14.0,20.4,11.9,20.9,21.7,19.9,10.9,19.7,23.2,48.8,7.4,20.3,17.5,24.4,22.5,17.1,14.2,23.9,37.3,23.6,19.5,25.0,11.0,37.9,21.5,15.0,14.3,25.0,7.0,27.5,36.1,24.5,11.8,13.1,21.5,50.0,34.6,14.1,44.0,20.8,31.1,30.1,24.5,20.2,13.1,25.0,50.0,15.2,13.5,21.7,12.5,29.6,10.5,33.0,23.2,24.6,13.5,21.9,22.0,5.0,42.3,10.4,15.4,19.4,19.6,18.4,21.0,13.9,12.8,32.2,24.7,34.7,17.6,7.5,22.4,27.5,29.8,21.2,24.3,14.4,34.9,28.1,28.4,20.6,41.3,39.8,19.0,31.2,19.9,30.1,21.4,22.6,17.8,20.4,17.3,14.5,33.2,20.0,33.4,16.1,17.1,20.2,34.9,15.6,10.9,13.0,16.1,50.0,22.7,20.5,13.4,22.3,18.9,24.0,23.3,28.6,30.5,23.7,13.4,19.8,12.0,34.9,30.8,24.3,23.4,12.7,18.5,8.4,12.7,23.0,50.0,13.2,20.6,20.3,45.4,10.2,41.7,14.9,18.9,7.2,24.2,7.2,19.5,19.3,20.0,27.1,23.5,6.3,20.8,19.9,23.4,14.8,43.1,20.4,18.3,23.9,21.2,10.8,31.5,19.4,33.1,23.2,23.7,26.6,29.8,21.9,13.4,17.5,19.5,17.5,20.7,32.0,29.1,18.4,14.3,20.5,32.7,13.8,29.6,23.8,18.9,24.8,50.0,22.2,22.6,17.8,14.5,22.0,27.5,37.2,23.1,21.2,18.2,19.8,31.5,18.1,18.9,24.7,22.9,20.1,8.3,16.2,27.0,16.8,32.0,22.6,21.8,12.3,50.0,24.3,31.6,31.7,20.6,21.2,18.2,30.1,23.1,10.4,18.0,26.4,18.4,13.1,24.8,22.9,26.5,24.4,48.5,8.8,21.7,22.6,25.0,28.0,22.0,30.7,15.6,21.0,35.1,24.8,18.2,21.6,19.1,50.0,26.4,17.4,19.9,24.6,36.5,28.5,21.7,24.1,21.6,5.6,13.4,24.0,21.0,13.9,21.4,11.7,18.7,23.9,18.5,21.7,9.7,33.2,25.1,26.6,22.0,16.6,37.6,21.7,22.8,20.0,19.8,8.4,22.2,20.8,23.3,8.3,21.9,46.7,11.5,17.4,19.3,20.3,13.8,5.0,15.4,28.7,20.0,50.0,11.8,19.4,16.7,28.7,14.9,16.0,22.0,50.0,15.2,27.1,27.5,12.6,16.4,25.0,17.1,22.0,15.3,29.0,50.0,24.1,9.6,29.9,10.5,8.7,15.6,15.2
25.3,25.0,29.0,19.6,14.4,22.2,27.9,13.1,11.9,12.1,15.1,16.1,19.0,18.5,19.3,19.7,22.5,18.8,15.6,33.8,30.3,10.2,23.1,35.4,20.5,22.2,19.4,19.2,19.6,26.2,19.6,25.0,23.3,15.0,13.3,24.5,18.7,8.8,28.2,17.4,23.8,29.1,18.5,32.9,22.8,9.5,14.5,23.2,17.8,21.8,23.0,43.8,20.6,22.1,23.6,21.4,12.7,14.1,21.4,38.7,16.5,22.9,43.5,16.8,20.1,21.2,31.6,19.3,14.6,46.0,26.7,22.0,17.0,13.6,48.3,36.2,24.7,29.4,23.8,20.0,23.9,11.3,17.8,22.6,36.4,42.8,23.8,25.0,7.2,25.2,21.4,13.8,22.4,22.5,37.0,19.1,32.5,16.2,22.2,20.1,15.6,22.7,24.4,15.0,31.0,23.7,50.0,18.6,18.6,23.1,50.0,23.0,22.9,33.3,23.1,33.4,28.4,50.0,16.6,20.9,36.2,17.2,13.8,10.2,36.0,20.6,23.3,19.1,14.9,24.4,22.3,8.5,16.7,8.1,20.3,21.7,13.8,17.9,32.4,19.5,44.8,23.1,16.5,24.8,14.1,26.6,19.3,17.2,14.6,20.1,19.6,50.0,22.8,35.4,8.5,15.7,20.6,14.0,20.4,11.9,20.9,21.7,19.9,10.9,19.7,23.2,48.8,7.4,20.3,17.5,24.4,22.5,17.1,14.2,23.9,37.3,23.6,19.5,25.0,11.0,37.9,21.5,15.0,14.3,25.0,7.0,27.5,36.1,24.5,11.8,13.1,21.5,50.0,34.6,14.1,44.0,20.8,31.1,30.1,24.5,20.2,13.1,25.0,50.0,15.2,13.5,21.7,12.5,29.6,10.5,33.0,23.2,24.6,13.5,21.9,22.0,5.0,42.3,10.4,15.4,19.4,19.6,18.4,21.0,13.9,12.8,32.2,24.7,34.7,17.6,7.5,22.4,27.5,29.8,21.2,24.3,14.4,34.9,28.1,28.4,20.6,41.3,39.8,19.0,31.2,19.9,30.1,21.4,22.6,17.8,20.4,17.3,14.5,33.2,20.0,33.4,16.1,17.1,20.2,34.9,15.6,10.9,13.0,16.1,50.0,22.7,20.5,13.4,22.3,18.9,24.0,23.3,28.6,30.5,23.7,13.4,19.8,12.0,34.9,30.8,24.3,23.4,12.7,18.5,8.4,12.7,23.0,50.0,13.2,20.6,20.3,45.4,10.2,41.7,14.9,18.9,7.2,24.2,7.2,19.5,19.3,20.0,27.1,23.5,6.3,20.8,19.9,23.4,14.8,43.1,20.4,18.3,23.9,21.2,10.8,31.5,19.4,33.1,23.2,23.7,26.6,29.8,21.9,13.4,17.5,19.5,17.5,20.7,32.0,29.1,18.4,14.3,20.5,32.7,13.8,29.6,23.8,18.9,24.8,50.0,22.2,22.6,17.8,14.5,22.0,27.5,37.2,23.1,21.2,18.2,19.8,31.5,18.1,18.9,24.7,22.9,20.1,8.3,16.2,27.0,16.8,32.0,22.6,21.8,12.3,50.0,24.3,31.6,31.7,20.6,21.2,18.2,30.1,23.1,10.4,18.0,26.4,18.4,13.1,24.8,22.9,26.5,24.4,48.5,8.8,21.7,22.6,25.0,28.0,22.0,30.7,15.6,21.0,35.1,24.8,18.2,21.6,19.1,50.0,26.4,17.4,19.9,24.6,36.5,28.5,21.7,24.1,21.6,5.6,13.4,24.0,21.0,13.9,21.4,11.7,18.7,23.9,18.5,21.7,9.7,33.2,25.1,26.6,22.0,16.6,37.6,21.7,22.8,20.0,19.8,8.4,22.2,20.8,23.3,8.3,21.9,46.7,11.5,17.4,19.3,20.3,13.8,5.0,15.4,28.7,20.0,50.0,11.8,19.4,16.7,28.7,14.9,16.0,22.0,50.0,15.2,27.1,27.5,12.6,16.4,25.0,17.1,22.0,15.3,29.0,50.0,24.1,9.6,29.9,10.5,8.7,15.6,15.2
25.3,25.0,29.0,19.6,14.4,22.2,27.9,13.1,11.9,12.1,15.1,16.1,19.0,18.5,19.3,19.7,22.5,18.8,15.6,33.8,30.3,10.2,23.1,35.4,20.5,22.2,19.4,19.2,19.6,26.2,19.6,25.0,23.3,15.0,13.3,24.5,18.7,8.8,28.2,17.4,23.8,29.1,18.5,32.9,22.8,9.5,14.5,23.2,17.8,21.8,23.0,43.8,20.6,22.1,23.6,21.4,12.7,14.1,21.4,38.7,16.5,22.9,43.5,16.8,20.1,21.2,31.6,19.3,14.6,46.0,26.7,22.0,17.0,13.6,48.3,36.2,24.7,29.4,23.8,20.0,23.9,11.3,17.8,22.6,36.4,42.8,23.8,25.0,7.2,25.2,21.4,13.8,22.4,22.5,37.0,19.1,32.5,16.2,22.2,20.4,18.8,20.7,18.3,23.0,16.3,17.8,23.9,13.6,35.2,28.7,22.8,24.1,21.1,17.2,21.1,20.1,19.4,7.0,27.9,23.1,13.3,50.0,17.7,13.3,50.0,33.1,19.4,23.7,19.2,11.7,18.7,19.1,16.7,8.1,20.3,21.7,13.8,17.9,32.4,19.5,44.8,23.1,16.5,24.8,14.1,26.6,19.3,17.2,14.6,20.1,19.6,50.0,22.8,35.4,8.5,15.7,20.6,14.0,20.4,11.9,20.9,21.7,19.9,10.9,19.7,23.2,48.8,7.4,20.3,17.5,24.4,22.5,17.1,14.2,23.9,37.3,23.6,19.5,25.0,11.0,37.9,21.5,15.0,14.3,25.0,7.0,27.5,36.1,24.5,11.8,13.1,21.5,50.0,34.6,14.1,44.0,20.8,31.1,30.1,24.5,20.2,13.1,25.0,50.0,15.2,13.5,21.7,12.5,29.6,10.5,33.0,23.2,24.6,13.5,21.9,22.0,5.0,42.3,10.4,15.4,19.4,19.6,18.4,21.0,13.9,12.8,32.2,24.7,34.7,17.6,7.5,22.4,27.5,29.8,21.2,24.3,14.4,34.9,28.1,28.4,20.6,41.3,39.8,19.0,31.2,19.9,30.1,21.4,22.6,17.8,20.4,17.3,14.5,33.2,20.0,33.4,16.1,17.1,20.2,34.9,15.6,10.9,13.0,16.1,50.0,22.7,20.5,13.4,22.3,18.9,24.0,23.3,28.6,30.5,23.7,13.4,19.8,12.0,34.9,30.8,24.3,23.4,12.7,18.5,8.4,12.7,23.0,50.0,13.2,20.6,20.3,45.4,10.2,41.7,14.9,18.9,7.2,24.2,7.2,19.5,19.3,20.0,27.1,23.5,6.3,20.8,19.9,23.4,14.8,43.1,20.4,18.3,23.9,21.2,10.8,31.5,19.4,33.1,23.2,23.7,26.6,29.8,21.9,13.4,17.5,19.5,17.5,20.7,32.0,29.1,18.4,14.3,20.5,32.7,13.8,29.6,23.8,18.9,24.8,50.0,22.2,22.6,17.8,14.5,22.0,27.5,37.2,23.1,21.2,18.2,19.8,31.5,18.1,18.9,24.7,22.9,20.1,8.3,16.2,27.0,16.8,32.0,22.6,21.8,12.3,50.0,24.3,31.6,31.7,20.6,21.2,18.2,30.1,23.1,10.4,18.0,26.4,18.4,13.1,24.8,22.9,26.5,24.4,48.5,8.8,21.7,22.6,25.0,28.0,22.0,30.7,15.6,21.0,35.1,24.8,18.2,21.6,19.1,50.0,26.4,17.4,19.9,24.6,36.5,28.5,21.7,24.1,21.6,5.6,13.4,24.0,21.0,13.9,21.4,11.7,18.7,23.9,18.5,21.7,9.7,33.2,25.1,26.6,22.0,16.6,37.6,21.7,22.8,20.0,19.8,8.4,22.2,20.8,23.3,8.3,21.9,46.7,11.5,17.4,19.3,20.3,13.8,5.0,15.4,28.7,20.0,50.0,11.8,19.4,16.7,28.7,14.9,16.0,22.0,50.0,15.2,27.1,27.5,12.6,16.4,25.0,17.1,22.0,15.3,29.0,50.0,24.1,9.6,29.9,10.5,8.7,15.6,15.2
25.3,25.0,29.0,19.6,14.4,22.2,27.9,13.1,11.9,12.1,15.1,16.1,19.0,18.5,19.3,19.7,22.5,18.8,15.6,33.8,30.3,10.2,23.1,35.4,20.5,22.2,19.4,19.2,19.6,26.2,19.6,25.0,23.3,15.0,13.3,24.5,18.7,8.8,28.2,17.4,23.8,29.1,18.5,32.9,22.8,9.5,14.5,23.2,17.8,21.8,23.0,43.8,20.6,22.1,23.6,21.4,12.7,14.1,21.4,38.7,16.5,22.9,43.5,16.8,20.1,21.2,31.6,19.3,14.6,46.0,26.7,22.0,17.0,13.6,48.3,36.2,24.7,29.4,23.8,20.0,23.9,11.3,17.8,22.6,36.4,42.8,23.8,25.0,7.2,25.2,21.4,13.8,22.4,22.5,37.0,19.1,32.5,16.2,22.2,20.4,18.8,20.7,18.3,23.0,16.3,17.8,23.9,13.6,35.2,28.7,22.8,24.1,21.1,17.2,21.1,20.1,19.4,7.0,27.9,23.1,13.3,50.0,17.7,13.3,50.0,33.1,19.4,23.7,19.2,11.7,18.7,19.1,20.1,15.6,22.7,24.4,15.0,31.0,23.7,50.0,18.6,18.6,23.1,50.0,23.0,22.9,33.3,23.1,33.4,28.4,50.0,16.6,20.9,36.2,17.2,13.8,10.2,36.0,20.6,23.3,19.1,14.9,24.4,22.3,8.5,23.2,48.8,7.4,20.3,17.5,24.4,22.5,17.1,14.2,23.9,37.3,23.6,19.5,25.0,11.0,37.9,21.5,15.0,14.3,25.0,7.0,27.5,36.1,24.5,11.8,13.1,21.5,50.0,34.6,14.1,44.0,20.8,31.1,30.1,24.5,20.2,13.1,25.0,50.0,15.2,13.5,21.7,12.5,29.6,10.5,33.0,23.2,24.6,13.5,21.9,22.0,5.0,42.3,10.4,15.4,19.4,19.6,18.4,21.0,13.9,12.8,32.2,24.7,34.7,17.6,7.5,22.4,27.5,29.8,21.2,24.3,14.4,34.9,28.1,28.4,20.6,41.3,39.8,19.0,31.2,19.9,30.1,21.4,22.6,17.8,20.4,17.3,14.5,33.2,20.0,33.4,16.1,17.1,20.2,34.9,15.6,10.9,13.0,16.1,50.0,22.7,20.5,13.4,22.3,18.9,24.0,23.3,28.6,30.5,23.7,13.4,19.8,12.0,34.9,30.8,24.3,23.4,12.7,18.5,8.4,12.7,23.0,50.0,13.2,20.6,20.3,45.4,10.2,41.7,14.9,18.9,7.2,24.2,7.2,19.5,19.3,20.0,27.1,23.5,6.3,20.8,19.9,23.4,14.8,43.1,20.4,18.3,23.9,21.2,10.8,31.5,19.4,33.1,23.2,23.7,26.6,29.8,21.9,13.4,17.5,19.5,17.5,20.7,32.0,29.1,18.4,14.3,20.5,32.7,13.8,29.6,23.8,18.9,24.8,50.0,22.2,22.6,17.8,14.5,22.0,27.5,37.2,23.1,21.2,18.2,19.8,31.5,18.1,18.9,24.7,22.9,20.1,8.3,16.2,27.0,16.8,32.0,22.6,21.8,12.3,50.0,24.3,31.6,31.7,20.6,21.2,18.2,30.1,23.1,10.4,18.0,26.4,18.4,13.1,24.8,22.9,26.5,24.4,48.5,8.8,21.7,22.6,25.0,28.0,22.0,30.7,15.6,21.0,35.1,24.8,18.2,21.6,19.1,50.0,26.4,17.4,19.9,24.6,36.5,28.5,21.7,24.1,21.6,5.6,13.4,24.0,21.0,13.9,21.4,11.7,18.7,23.9,18.5,21.7,9.7,33.2,25.1,26.6,22.0,16.6,37.6,21.7,22.8,20.0,19.8,8.4,22.2,20.8,23.3,8.3,21.9,46.7,11.5,17.4,19.3,20.3,13.8,5.0,15.4,28.7,20.0,50.0,11.8,19.4,16.7,28.7,14.9,16.0,22.0,50.0,15.2,27.1,27.5,12.6,16.4,25.0,17.1,22.0,15.3,29.0,50.0,24.1,9.6,29.9,10.5,8.7,15.6,15.2
25.3,25.0,29.0,19.6,14.4,22.2,27.9,13.1,11.9,12.1,15.1,16.1,19.0,18.5,19.3,19.7,22.5,18.8,15.6,33.8,30.3,10.2,23.1,35.4,20.5,22.2,19.4,19.2,19.6,26.2,19.6,25.0,23.3,15.0,13.3,24.5,18.7,8.8,28.2,17.4,23.8,29.1,18.5,32.9,22.8,9.5,14.5,23.2,17.8,21.8,23.0,43.8,20.6,22.1,23.6,21.4,12.7,14.1,21.4,38.7,16.5,22.9,43.5,16.8,20.1,21.2,31.6,19.3,14.6,46.0,26.7,22.0,17.0,13.6,48.3,36.2,24.7,29.4,23.8,20.0,23.9,11.3,17.8,22.6,36.4,42.8,23.8,25.0,7.2,25.2,21.4,13.8,22.4,22.5,37.0,19.1,32.5,16.2,22.2,20.4,18.8,20.7,18.3,23.0,16.3,17.8,23.9,13.6,35.2,28.7,22.8,24.1,21.1,17.2,21.1,20.1,19.4,7.0,27.9,23.1,13.3,50.0,17.7,13.3,50.0,33.1,19.4,23.7,19.2,11.7,18.7,19.1,20.1,15.6,22.7,24.4,15.0,31.0,23.7,50.0,18.6,18.6,23.1,50.0,23.0,22.9,33.3,23.1,33.4,28.4,50.0,16.6,20.9,36.2,17.2,13.8,10.2,36.0,20.6,23.3,19.1,14.9,24.4,22.3,8.5,16.7,8.1,20.3,21.7,13.8,17.9,32.4,19.5,44.8,23.1,16.5,24.8,14.1,26.6,19.3,17.2,14.6,20.1,19.6,50.0,22.8,35.4,8.5,15.7,20.6,14.0,20.4,11.9,20.9,21.7,19.9,10.9,19.7,30.1,24.5,20.2,13.1,25.0,50.0,15.2,13.5,21.7,12.5,29.6,10.5,33.0,23.2,24.6,13.5,21.9,22.0,5.0,42.3,10.4,15.4,19.4,19.6,18.4,21.0,13.9,12.8,32.2,24.7,34.7,17.6,7.5,22.4,27.5,29.8,21.2,24.3,14.4,34.9,28.1,28.4,20.6,41.3,39.8,19.0,31.2,19.9,30.1,21.4,22.6,17.8,20.4,17.3,14.5,33.2,20.0,33.4,16.1,17.1,20.2,34.9,15.6,10.9,13.0,16.1,50.0,22.7,20.5,13.4,22.3,18.9,24.0,23.3,28.6,30.5,23.7,13.4,19.8,12.0,34.9,30.8,24.3,23.4,12.7,18.5,8.4,12.7,23.0,50.0,13.2,20.6,20.3,45.4,10.2,41.7,14.9,18.9,7.2,24.2,7.2,19.5,19.3,20.0,27.1,23.5,6.3,20.8,19.9,23.4,14.8,43.1,20.4,18.3,23.9,21.2,10.8,31.5,19.4,33.1,23.2,23.7,26.6,29.8,21.9,13.4,17.5,19.5,17.5,20.7,32.0,29.1,18.4,14.3,20.5,32.7,13.8,29.6,23.8,18.9,24.8,50.0,22.2,22.6,17.8,14.5,22.0,27.5,37.2,23.1,21.2,18.2,19.8,31.5,18.1,18.9,24.7,22.9,20.1,8.3,16.2,27.0,16.8,32.0,22.6,21.8,12.3,50.0,24.3,31.6,31.7,20.6,21.2,18.2,30.1,23.1,10.4,18.0,26.4,18.4,13.1,24.8,22.9,26.5,24.4,48.5,8.8,21.7,22.6,25.0,28.0,22.0,30.7,15.6,21.0,35.1,24.8,18.2,21.6,19.1,50.0,26.4,17.4,19.9,24.6,36.5,28.5,21.7,24.1,21.6,5.6,13.4,24.0,21.0,13.9,21.4,11.7,18.7,23.9,18.5,21.7,9.7,33.2,25.1,26.6,22.0,16.6,37.6,21.7,22.8,20.0,19.8,8.4,22.2,20.8,23.3,8.3,21.9,46.7,11.5,17.4,19.3,20.3,13.8,5.0,15.4,28.7,20.0,50.0,11.8,19.4,16.7,28.7,14.9,16.0,22.0,50.0,15.2,27.1,27.5,12.6,16.4,25.0,17.1,22.0,15.3,29.0,50.0,24.1,9.6,29.9,10.5,8.7,15.6,15.2
25.3,25.0,29.0,19.6,14.4,22.2,27.9,13.1,11.9,12.1,15.1,16.1,19.0,18.5,19.3,19.7,22.5,18.8,15.6,33.8,30.3,10.2,23.1,35.4,20.5,22.2,19.4,19.2,19.6,26.2,19.6,25.0,23.3,15.0,13.3,24.5,18.7,8.8,28.2,17.4,23.8,29.1,18.5,32.9,22.8,9.5,14.5,23.2,17.8,21.8,23.0,43.8,20.6,22.1,23.6,21.4,12.7,14.1,21.4,38.7,16.5,22.9,43.5,16.8,20.1,21.2,31.6,19.3,14.6,46.0,26.7,22.0,17.0,13.6,48.3,36.2,24.7,29.4,23.8,20.0,23.9,11.3,17.8,22.6,36.4,42.8,23.8,25.0,7.2,25.2,21.4,13.8,22.4,22.5,37.0,19.1,32.5,16.2,22.2,20.4,18.8,20.7,18.3,23.0,16.3,17.8,23.9,13.6,35.2,28.7,22.8,24.1,21.1,17.2,21.1,20.1,19.4,7.0,27.9,23.1,13.3,50.0,17.7,13.3,50.0,33.1,19.4,23.7,19.2,11.7,18.7,19.1,20.1,15.6,22.7,24.4,15.0,31.0,23.7,50.0,18.6,18.6,23.1,50.0,23.0,22.9,33.3,23.1,33.4,28.4,50.0,16.6,20.9,36.2,17.2,13.8,10.2,36.0,20.6,23.3,19.1,14.9,24.4,22.3,8.5,16.7,8.1,20.3,21.7,13.8,17.9,32.4,19.5,44.8,23.1,16.5,24.8,14.1,26.6,19.3,17.2,14.6,20.1,19.6,50.0,22.8,35.4,8.5,15.7,20.6,14.0,20.4,11.9,20.9,21.7,19.9,10.9,19.7,23.2,48.8,7.4,20.3,17.5,24.4,22.5,17.1,14.2,23.9,37.3,23.6,19.5,25.0,11.0,37.9,21.5,15.0,14.3,25.0,7.0,27.5,36.1,24.5,11.8,13.1,21.5,50.0,34.6,14.1,44.0,20.8,31.1,22.4,27.5,29.8,21.2,24.3,14.4,34.9,28.1,28.4,20.6,41.3,39.8,19.0,31.2,19.9,30.1,21.4,22.6,17.8,20.4,17.3,14.5,33.2,20.0,33.4,16.1,17.1,20.2,34.9,15.6,10.9,13.0,16.1,50.0,22.7,20.5,13.4,22.3,18.9,24.0,23.3,28.6,30.5,23.7,13.4,19.8,12.0,34.9,30.8,24.3,23.4,12.7,18.5,8.4,12.7,23.0,50.0,13.2,20.6,20.3,45.4,10.2,41.7,14.9,18.9,7.2,24.2,7.2,19.5,19.3,20.0,27.1,23.5,6.3,20.8,19.9,23.4,14.8,43.1,20.4,18.3,23.9,21.2,10.8,31.5,19.4,33.1,23.2,23.7,26.6,29.8,21.9,13.4,17.5,19.5,17.5,20.7,32.0,29.1,18.4,14.3,20.5,32.7,13.8,29.6,23.8,18.9,24.8,50.0,22.2,22.6,17.8,14.5,22.0,27.5,37.2,23.1,21.2,18.2,19.8,31.5,18.1,18.9,24.7,22.9,20.1,8.3,16.2,27.0,16.8,32.0,22.6,21.8,12.3,50.0,24.3,31.6,31.7,20.6,21.2,18.2,30.1,23.1,10.4,18.0,26.4,18.4,13.1,24.8,22.9,26.5,24.4,48.5,8.8,21.7,22.6,25.0,28.0,22.0,30.7,15.6,21.0,35.1,24.8,18.2,21.6,19.1,50.0,26.4,17.4,19.9,24.6,36.5,28.5,21.7,24.1,21.6,5.6,13.4,24.0,21.0,13.9,21.4,11.7,18.7,23.9,18.5,21.7,9.7,33.2,25.1,26.6,22.0,16.6,37.6,21.7,22.8,20.0,19.8,8.4,22.2,20.8,23.3,8.3,21.9,46.7,11.5,17.4,19.3,20.3,13.8,5.0,15.4,28.7,20.0,50.0,11.8,19.4,16.7,28.7,14.9,16.0,22.0,50.0,15.2,27.1,27.5,12.6,16.4,25.0,17.1,22.0,15.3,29.0,50.0,24.1,9.6,29.9,10.5,8.7,15.6,15.2
25.3,25.0,29.0,19.6,14.4,22.2,27.9,13.1,11.9,12.1,15.1,16.1,19.0,18.5,19.3,19.7,22.5,18.8,15.6,33.8,30.3,10.2,23.1,35.4,20.5,22.2,19.4,19.2,19.6,26.2,19.6,25.0,23.3,15.0,13.3,24.5,18.7,8.8,28.2,17.4,23.8,29.1,18.5,32.9,22.8,9.5,14.5,23.2,17.8,21.8,23.0,43.8,20.6,22.1,23.6,21.4,12.7,14.1,21.4,38.7,16.5,22.9,43.5,16.8,20.1,21.2,31.6,19.3,14.6,46.0,26.7,22.0,17.0,13.6,48.3,36.2,24.7,29.4,23.8,20.0,23.9,11.3,17.8,22.6,36.4,42.8,23.8,25.0,7.2,25.2,21.4,13.8,22.4,22.5,37.0,19.1,32.5,16.2,22.2,20.4,18.8,20.7,18.3,23.0,16.3,17.8,23.9,13.6,35.2,28.7,22.8,24.1,21.1,17.2,21.1,20.1,19.4,7.0,27.9,23.1,13.3,50.0,17.7,13.3,50.0,33.1,19.4,23.7,19.2,11.7,18.7,19.1,20.1,15.6,22.7,24.4,15.0,31.0,23.7,50.0,18.6,18.6,23.1,50.0,23.0,22.9,33.3,23.1,33.4,28.4,50.0,16.6,20.9,36.2,17.2,13.8,10.2,36.0,20.6,23.3,19.1,14.9,24.4,22.3,8.5,16.7,8.1,20.3,21.7,13.8,17.9,32.4,19.5,44.8,23.1,16.5,24.8,14.1,26.6,19.3,17.2,14.6,20.1,19.6,50.0,22.8,35.4,8.5,15.7,20.6,14.0,20.4,11.9,20.9,21.7,19.9,10.9,19.7,23.2,48.8,7.4,20.3,17.5,24.4,22.5,17.1,14.2,23.9,37.3,23.6,19.5,25.0,11.0,37.9,21.5,15.0,14.3,25.0,7.0,27.5,36.1,24.5,11.8,13.1,21.5,50.0,34.6,14.1,44.0,20.8,31.1,30.1,24.5,20.2,13.1,25.0,50.0,15.2,13.5,21.7,12.5,29.6,10.5,33.0,23.2,24.6,13.5,21.9,22.0,5.0,42.3,10.4,15.4,19.4,19.6,18.4,21.0,13.9,12.8,32.2,24.7,34.7,17.6,7.5,50.0,22.7,20.5,13.4,22.3,18.9,24.0,23.3,28.6,30.5,23.7,13.4,19.8,12.0,34.9,30.8,24.3,23.4,12.7,18.5,8.4,12.7,23.0,50.0,13.2,20.6,20.3,45.4,10.2,41.7,14.9,18.9,7.2,24.2,7.2,19.5,19.3,20.0,27.1,23.5,6.3,20.8,19.9,23.4,14.8,43.1,20.4,18.3,23.9,21.2,10.8,31.5,19.4,33.1,23.2,23.7,26.6,29.8,21.9,13.4,17.5,19.5,17.5,20.7,32.0,29.1,18.4,14.3,20.5,32.7,13.8,29.6,23.8,18.9,24.8,50.0,22.2,22.6,17.8,14.5,22.0,27.5,37.2,23.1,21.2,18.2,19.8,31.5,18.1,18.9,24.7,22.9,20.1,8.3,16.2,27.0,16.8,32.0,22.6,21.8,12.3,50.0,24.3,31.6,31.7,20.6,21.2,18.2,30.1,23.1,10.4,18.0,26.4,18.4,13.1,24.8,22.9,26.5,24.4,48.5,8.8,21.7,22.6,25.0,28.0,22.0,30.7,15.6,21.0,35.1,24.8,18.2,21.6,19.1,50.0,26.4,17.4,19.9,24.6,36.5,28.5,21.7,24.1,21.6,5.6,13.4,24.0,21.0,13.9,21.4,11.7,18.7,23.9,18.5,21.7,9.7,33.2,25.1,26.6,22.0,16.6,37.6,21.7,22.8,20.0,19.8,8.4,22.2,20.8,23.3,8.3,21.9,46.7,11.5,17.4,19.3,20.3,13.8,5.0,15.4,28.7,20.0,50.0,11.8,19.4,16.7,28.7,14.9,16.0,22.0,50.0,15.2,27.1,27.5,12.6,16.4,25.0,17.1,22.0,15.3,29.0,50.0,24.1,9.6,29.9,10.5,8.7,15.6,15.2
25.3,25.0,29.0,19.6,14.4,22.2,27.9,13.1,11.9,12.1,15.1,16.1,19.0,18.5,19.3,19.7,22.5,18.8,15.6,33.8,30.3,10.2,23.1,35.4,20.5,22.2,19.4,19.2,19.6,26.2,19.6,25.0,23.3,15.0,13.3,24.5,18.7,8.8,28.2,17.4,23.8,29.1,18.5,32.9,22.8,9.5,14.5,23.2,17.8,21.8,23.0,43.8,20.6,22.1,23.6,21.4,12.7,14.1,21.4,38.7,16.5,22.9,43.5,16.8,20.1,21.2,31.6,19.3,14.6,46.0,26.7,22.0,17.0,13.6,48.3,36.2,24.7,29.4,23.8,20.0,23.9,11.3,17.8,22.6,36.4,42.8,23.8,25.0,7.2,25.2,21.4,13.8,22.4,22.5,37.0,19.1,32.5,16.2,22.2,20.4,18.8,20.7,18.3,23.0,16.3,17.8,23.9,13.6,35.2,28.7,22.8,24.1,21.1,17.2,21.1,20.1,19.4,7.0,27.9,23.1,13.3,50.0,17.7,13.3,50.0,33.1,19.4,23.7,19.2,11.7,18.7,19.1,20.1,15.6,22.7,24.4,15.0,31.0,23.7,50.0,18.6,18.6,23.1,50.0,23.0,22.9,33.3,23.1,33.4,28.4,50.0,16.6,20.9,36.2,17.2,13.8,10.2,36.0,20.6,23.3,19.1,14.9,24.4,22.3,8.5,16.7,8.1,20.3,21.7,13.8,17.9,32.4,19.5,44.8,23.1,16.5,24.8,14.1,26.6,19.3,17.2,14.6,20.1,19.6,50.0,22.8,35.4,8.5,15.7,20.6,14.0,20.4,11.9,20.9,21.7,19.9,10.9,19.7,23.2,48.8,7.4,20.3,17.5,24.4,22.5,17.1,14.2,23.9,37.3,23.6,19.5,25.0,11.0,37.9,21.5,15.0,14.3,25.0,7.0,27.5,36.1,24.5,11.8,13.1,21.5,50.0,34.6,14.1,44.0,20.8,31.1,30.1,24.5,20.2,13.1,25.0,50.0,15.2,13.5,21.7,12.5,29.6,10.5,33.0,23.2,24.6,13.5,21.9,22.0,5.0,42.3,10.4,15.4,19.4,19.6,18.4,21.0,13.9,12.8,32.2,24.7,34.7,17.6,7.5,22.4,27.5,29.8,21.2,24.3,14.4,34.9,28.1,28.4,20.6,41.3,39.8,19.0,31.2,19.9,30.1,21.4,22.6,17.8,20.4,17.3,14.5,33.2,20.0,33.4,16.1,17.1,20.2,34.9,15.6,10.9,13.0,16.1,24.2,7.2,19.5,19.3,20.0,27.1,23.5,6.3,20.8,19.9,23.4,14.8,43.1,20.4,18.3,23.9,21.2,10.8,31.5,19.4,33.1,23.2,23.7,26.6,29.8,21.9,13.4,17.5,19.5,17.5,20.7,32.0,29.1,18.4,14.3,20.5,32.7,13.8,29.6,23.8,18.9,24.8,50.0,22.2,22.6,17.8,14.5,22.0,27.5,37.2,23.1,21.2,18.2,19.8,31.5,18.1,18.9,24.7,22.9,20.1,8.3,16.2,27.0,16.8,32.0,22.6,21.8,12.3,50.0,24.3,31.6,31.7,20.6,21.2,18.2,30.1,23.1,10.4,18.0,26.4,18.4,13.1,24.8,22.9,26.5,24.4,48.5,8.8,21.7,22.6,25.0,28.0,22.0,30.7,15.6,21.0,35.1,24.8,18.2,21.6,19.1,50.0,26.4,17.4,19.9,24.6,36.5,28.5,21.7,24.1,21.6,5.6,13.4,24.0,21.0,13.9,21.4,11.7,18.7,23.9,18.5,21.7,9.7,33.2,25.1,26.6,22.0,16.6,37.6,21.7,22.8,20.0,19.8,8.4,22.2,20.8,23.3,8.3,21.9,46.7,11.5,17.4,19.3,20.3,13.8,5.0,15.4,28.7,20.0,50.0,11.8,19.4,16.7,28.7,14.9,16.0,22.0,50.0,15.2,27.1,27.5,12.6,16.4,25.0,17.1,22.0,15.3,29.0,50.0,24.1,9.6,29.9,10.5,8.7,15.6,15.2
25.3,25.0,29.0,19.6,14.4,22.2,27.9,13.1,11.9,12.1,15.1,16.1,19.0,18.5,19.3,19.7,22.5,18.8,15.6,33.8,30.3,10.2,23.1,35.4,20.5,22.2,19.4,19.2,19.6,26.2,19.6,25.0,23.3,15.0,13.3,24.5,18.7,8.8,28.2,17.4,23.8,29.1,18.5,32.9,22.8,9.5,14.5,23.2,17.8,21.8,23.0,43.8,20.6,22.1,23.6,21.4,12.7,14.1,21.4,38.7,16.5,22.9,43.5,16.8,20.1,21.2,31.6,19.3,14.6,46.0,26.7,22.0,17.0,13.6,48.3,36.2,24.7,29.4,23.8,20.0,23.9,11.3,17.8,22.6,36.4,42.8,23.8,25.0,7.2,25.2,21.4,13.8,22.4,22.5,37.0,19.1,32.5,16.2,22.2,20.4,18.8,20.7,18.3,23.0,16.3,17.8,23.9,13.6,35.2,28.7,22.8,24.1,21.1,17.2,21.1,20.1,19.4,7.0,27.9,23.1,13.3,50.0,17.7,13.3,50.0,33.1,19.4,23.7,19.2,11.7,18.7,19.1,20.1,15.6,22.7,24.4,15.0,31.0,23.7,50.0,18.6,18.6,23.1,50.0,23.0,22.9,33.3,23.1,33.4,28.4,50.0,16.6,20.9,36.2,17.2,13.8,10.2,36.0,20.6,23.3,19.1,14.9,24.4,22.3,8.5,16.7,8.1,20.3,21.7,13.8,17.9,32.4,19.5,44.8,23.1,16.5,24.8,14.1,26.6,19.3,17.2,14.6,20.1,19.6,50.0,22.8,35.4,8.5,15.7,20.6,14.0,20.4,11.9,20.9,21.7,19.9,10.9,19.7,23.2,48.8,7.4,20.3,17.5,24.4,22.5,17.1,14.2,23.9,37.3,23.6,19.5,25.0,11.0,37.9,21.5,15.0,14.3,25.0,7.0,27.5,36.1,24.5,11.8,13.1,21.5,50.0,34.6,14.1,44.0,20.8,31.1,30.1,24.5,20.2,13.1,25.0,50.0,15.2,13.5,21.7,12.5,29.6,10.5,33.0,23.2,24.6,13.5,21.9,22.0,5.0,42.3,10.4,15.4,19.4,19.6,18.4,21.0,13.9,12.8,32.2,24.7,34.7,17.6,7.5,22.4,27.5,29.8,21.2,24.3,14.4,34.9,28.1,28.4,20.6,41.3,39.8,19.0,31.2,19.9,30.1,21.4,22.6,17.8,20.4,17.3,14.5,33.2,20.0,33.4,16.1,17.1,20.2,34.9,15.6,10.9,13.0,16.1,50.0,22.7,20.5,13.4,22.3,18.9,24.0,23.3,28.6,30.5,23.7,13.4,19.8,12.0,34.9,30.8,24.3,23.4,12.7,18.5,8.4,12.7,23.0,50.0,13.2,20.6,20.3,45.4,10.2,41.7,14.9,18.9,7.2,18.4,14.3,20.5,32.7,13.8,29.6,23.8,18.9,24.8,50.0,22.2,22.6,17.8,14.5,22.0,27.5,37.2,23.1,21.2,18.2,19.8,31.5,18.1,18.9,24.7,22.9,20.1,8.3,16.2,27.0,16.8,32.0,22.6,21.8,12.3,50.0,24.3,31.6,31.7,20.6,21.2,18.2,30.1,23.1,10.4,18.0,26.4,18.4,13.1,24.8,22.9,26.5,24.4,48.5,8.8,21.7,22.6,25.0,28.0,22.0,30.7,15.6,21.0,35.1,24.8,18.2,21.6,19.1,50.0,26.4,17.4,19.9,24.6,36.5,28.5,21.7,24.1,21.6,5.6,13.4,24.0,21.0,13.9,21.4,11.7,18.7,23.9,18.5,21.7,9.7,33.2,25.1,26.6,22.0,16.6,37.6,21.7,22.8,20.0,19.8,8.4,22.2,20.8,23.3,8.3,21.9,46.7,11.5,17.4,19.3,20.3,13.8,5.0,15.4,28.7,20.0,50.0,11.8,19.4,16.7,28.7,14.9,16.0,22.0,50.0,15.2,27.1,27.5,12.6,16.4,25.0,17.1,22.0,15.3,29.0,50.0,24.1,9.6,29.9,10.5,8.7,15.6,15.2
25.3,25.0,29.0,19.6,14.4,22.2,27.9,13.1,11.9,12.1,15.1,16.1,19.0,18.5,19.3,19.7,22.5,18.8,15.6,33.8,30.3,10.2,23.1,35.4,20.5,22.2,19.4,19.2,19.6,26.2,19.6,25.0,23.3,15.0,13.3,24.5,18.7,8.8,28.2,17.4,23.8,29.1,18.5,32.9,22.8,9.5,14.5,23.2,17.8,21.8,23.0,43.8,20.6,22.1,23.6,21.4,12.7,14.1,21.4,38.7,16.5,22.9,43.5,16.8,20.1,21.2,31.6,19.3,14.6,46.0,26.7,22.0,17.0,13.6,48.3,36.2,24.7,29.4,23.8,20.0,23.9,11.3,17.8,22.6,36.4,42.8,23.8,25.0,7.2,25.2,21.4,13.8,22.4,22.5,37.0,19.1,32.5,16.2,22.2,20.4,18.8,20.7,18.3,23.0,16.3,17.8,23.9,13.6,35.2,28.7,22.8,24.1,21.1,17.2,21.1,20.1,19.4,7.0,27.9,23.1,13.3,50.0,17.7,13.3,50.0,33.1,19.4,23.7,19.2,11.7,18.7,19.1,20.1,15.6,22.7,24.4,15.0,31.0,23.7,50.0,18.6,18.6,23.1,50.0,23.0,22.9,33.3,23.1,33.4,28.4,50.0,16.6,20.9,36.2,17.2,13.8,10.2,36.0,20.6,23.3,19.1,14.9,24.4,22.3,8.5,16.7,8.1,20.3,21.7,13.8,17.9,32.4,19.5,44.8,23.1,16.5,24.8,14.1,26.6,19.3,17.2,14.6,20.1,19.6,50.0,22.8,35.4,8.5,15.7,20.6,14.0,20.4,11.9,20.9,21.7,19.9,10.9,19.7,23.2,48.8,7.4,20.3,17.5,24.4,22.5,17.1,14.2,23.9,37.3,23.6,19.5,25.0,11.0,37.9,21.5,15.0,14.3,25.0,7.0,27.5,36.1,24.5,11.8,13.1,21.5,50.0,34.6,14.1,44.0,20.8,31.1,30.1,24.5,20.2,13.1,25.0,50.0,15.2,13.5,21.7,12.5,29.6,10.5,33.0,23.2,24.6,13.5,21.9,22.0,5.0,42.3,10.4,15.4,19.4,19.6,18.4,21.0,13.9,12.8,32.2,24.7,34.7,17.6,7.5,22.4,27.5,29.8,21.2,24.3,14.4,34.9,28.1,28.4,20.6,41.3,39.8,19.0,31.2,19.9,30.1,21.4,22.6,17.8,20.4,17.3,14.5,33.2,20.0,33.4,16.1,17.1,20.2,34.9,15.6,10.9,13.0,16.1,50.0,22.7,20.5,13.4,22.3,18.9,24.0,23.3,28.6,30.5,23.7,13.4,19.8,12.0,34.9,30.8,24.3,23.4,12.7,18.5,8.4,12.7,23.0,50.0,13.2,20.6,20.3,45.4,10.2,41.7,14.9,18.9,7.2,24.2,7.2,19.5,19.3,20.0,27.1,23.5,6.3,20.8,19.9,23.4,14.8,43.1,20.4,18.3,23.9,21.2,10.8,31.5,19.4,33.1,23.2,23.7,26.6,29.8,21.9,13.4,17.5,19.5,17.5,20.7,32.0,29.1,21.8,12.3,50.0,24.3,31.6,31.7,20.6,21.2,18.2,30.1,23.1,10.4,18.0,26.4,18.4,13.1,24.8,22.9,26.5,24.4,48.5,8.8,21.7,22.6,25.0,28.0,22.0,30.7,15.6,21.0,35.1,24.8,18.2,21.6,19.1,50.0,26.4,17.4,19.9,24.6,36.5,28.5,21.7,24.1,21.6,5.6,13.4,24.0,21.0,13.9,21.4,11.7,18.7,23.9,18.5,21.7,9.7,33.2,25.1,26.6,22.0,16.6,37.6,21.7,22.8,20.0,19.8,8.4,22.2,20.8,23.3,8.3,21.9,46.7,11.5,17.4,19.3,20.3,13.8,5.0,15.4,28.7,20.0,50.0,11.8,19.4,16.7,28.7,14.9,16.0,22.0,50.0,15.2,27.1,27.5,12.6,16.4,25.0,17.1,22.0,15.3,29.0,50.0,24.1,9.6,29.9,10.5,8.7,15.6,15.2
25.3,25.0,29.0,19.6,14.4,22.2,27.9,13.1,11.9,12.1,15.1,16.1,19.0,18.5,19.3,19.7,22.5,18.8,15.6,33.8,30.3,10.2,23.1,35.4,20.5,22.2,19.4,19.2,19.6,26.2,19.6,25.0,23.3,15.0,13.3,24.5,18.7,8.8,28.2,17.4,23.8,29.1,18.5,32.9,22.8,9.5,14.5,23.2,17.8,21.8,23.0,43.8,20.6,22.1,23.6,21.4,12.7,14.1,21.4,38.7,16.5,22.9,43.5,16.8,20.1,21.2,31.6,19.3,14.6,46.0,26.7,22.0,17.0,13.6,48.3,36.2,24.7,29.4,23.8,20.0,23.9,11.3,17.8,22.6,36.4,42.8,23.8,25.0,7.2,25.2,21.4,13.8,22.4,22.5,37.0,19.1,32.5,16.2,22.2,20.4,18.8,20.7,18.3,23.0,16.3,17.8,23.9,13.6,35.2,28.7,22.8,24.1,21.1,17.2,21.1,20.1,19.4,7.0,27.9,23.1,13.3,50.0,17.7,13.3,50.0,33.1,19.4,23.7,19.2,11.7,18.7,19.1,20.1,15.6,22.7,24.4,15.0,31.0,23.7,50.0,18.6,18.6,23.1,50.0,23.0,22.9,33.3,23.1,33.4,28.4,50.0,16.6,20.9,36.2,17.2,13.8,10.2,36.0,20.6,23.3,19.1,14.9,24.4,22.3,8.5,16.7,8.1,20.3,21.7,13.8,17.9,32.4,19.5,44.8,23.1,16.5,24.8,14.1,26.6,19.3,17.2,14.6,20.1,19.6,50.0,22.8,35.4,8.5,15.7,20.6,14.0,20.4,11.9,20.9,21.7,19.9,10.9,19.7,23.2,48.8,7.4,20.3,17.5,24.4,22.5,17.1,14.2,23.9,37.3,23.6,19.5,25.0,11.0,37.9,21.5,15.0,14.3,25.0,7.0,27.5,36.1,24.5,11.8,13.1,21.5,50.0,34.6,14.1,44.0,20.8,31.1,30.1,24.5,20.2,13.1,25.0,50.0,15.2,13.5,21.7,12.5,29.6,10.5,33.0,23.2,24.6,13.5,21.9,22.0,5.0,42.3,10.4,15.4,19.4,19.6,18.4,21.0,13.9,12.8,32.2,24.7,34.7,17.6,7.5,22.4,27.5,29.8,21.2,24.3,14.4,34.9,28.1,28.4,20.6,41.3,39.8,19.0,31.2,19.9,30.1,21.4,22.6,17.8,20.4,17.3,14.5,33.2,20.0,33.4,16.1,17.1,20.2,34.9,15.6,10.9,13.0,16.1,50.0,22.7,20.5,13.4,22.3,18.9,24.0,23.3,28.6,30.5,23.7,13.4,19.8,12.0,34.9,30.8,24.3,23.4,12.7,18.5,8.4,12.7,23.0,50.0,13.2,20.6,20.3,45.4,10.2,41.7,14.9,18.9,7.2,24.2,7.2,19.5,19.3,20.0,27.1,23.5,6.3,20.8,19.9,23.4,14.8,43.1,20.4,18.3,23.9,21.2,10.8,31.5,19.4,33.1,23.2,23.7,26.6,29.8,21.9,13.4,17.5,19.5,17.5,20.7,32.0,29.1,18.4,14.3,20.5,32.7,13.8,29.6,23.8,18.9,24.8,50.0,22.2,22.6,17.8,14.5,22.0,27.5,37.2,23.1,21.2,18.2,19.8,31.5,18.1,18.9,24.7,22.9,20.1,8.3,16.2,27.0,16.8,32.0,22.6,21.6,19.1,50.0,26.4,17.4,19.9,24.6,36.5,28.5,21.7,24.1,21.6,5.6,13.4,24.0,21.0,13.9,21.4,11.7,18.7,23.9,18.5,21.7,9.7,33.2,25.1,26.6,22.0,16.6,37.6,21.7,22.8,20.0,19.8,8.4,22.2,20.8,23.3,8.3,21.9,46.7,11.5,17.4,19.3,20.3,13.8,5.0,15.4,28.7,20.0,50.0,11.8,19.4,16.7,28.7,14.9,16.0,22.0,50.0,15.2,27.1,27.5,12.6,16.4,25.0,17.1,22.0,15.3,29.0,50.0,24.1,9.6,29.9,10.5,8.7,15.6,15.2
25.3,25.0,29.0,19.6,14.4,22.2,27.9,13.1,11.9,12.1,15.1,16.1,19.0,18.5,19.3,19.7,22.5,18.8,15.6,33.8,30.3,10.2,23.1,35.4,20.5,22.2,19.4,19.2,19.6,26.2,19.6,25.0,23.3,15.0,13.3,24.5,18.7,8.8,28.2,17.4,23.8,29.1,18.5,32.9,22.8,9.5,14.5,23.2,17.8,21.8,23.0,43.8,20.6,22.1,23.6,21.4,12.7,14.1,21.4,38.7,16.5,22.9,43.5,16.8,20.1,21.2,31.6,19.3,14.6,46.0,26.7,22.0,17.0,13.6,48.3,36.2,24.7,29.4,23.8,20.0,23.9,11.3,17.8,22.6,36.4,42.8,23.8,25.0,7.2,25.2,21.4,13.8,22.4,22.5,37.0,19.1,32.5,16.2,22.2,20.4,18.8,20.7,18.3,23.0,16.3,17.8,23.9,13.6,35.2,28.7,22.8,24.1,21.1,17.2,21.1,20.1,19.4,7.0,27.9,23.1,13.3,50.0,17.7,13.3,50.0,33.1,19.4,23.7,19.2,11.7,18.7,19.1,20.1,15.6,22.7,24.4,15.0,31.0,23.7,50.0,18.6,18.6,23.1,50.0,23.0,22.9,33.3,23.1,33.4,28.4,50.0,16.6,20.9,36.2,17.2,13.8,10.2,36.0,20.6,23.3,19.1,14.9,24.4,22.3,8.5,16.7,8.1,20.3,21.7,13.8,17.9,32.4,19.5,44.8,23.1,16.5,24.8,14.1,26.6,19.3,17.2,14.6,20.1,19.6,50.0,22.8,35.4,8.5,15.7,20.6,14.0,20.4,11.9,20.9,21.7,19.9,10.9,19.7,23.2,48.8,7.4,20.3,17.5,24.4,22.5,17.1,14.2,23.9,37.3,23.6,19.5,25.0,11.0,37.9,21.5,15.0,14.3,25.0,7.0,27.5,36.1,24.5,11.8,13.1,21.5,50.0,34.6,14.1,44.0,20.8,31.1,30.1,24.5,20.2,13.1,25.0,50.0,15.2,13.5,21.7,12.5,29.6,10.5,33.0,23.2,24.6,13.5,21.9,22.0,5.0,42.3,10.4,15.4,19.4,19.6,18.4,21.0,13.9,12.8,32.2,24.7,34.7,17.6,7.5,22.4,27.5,29.8,21.2,24.3,14.4,34.9,28.1,28.4,20.6,41.3,39.8,19.0,31.2,19.9,30.1,21.4,22.6,17.8,20.4,17.3,14.5,33.2,20.0,33.4,16.1,17.1,20.2,34.9,15.6,10.9,13.0,16.1,50.0,22.7,20.5,13.4,22.3,18.9,24.0,23.3,28.6,30.5,23.7,13.4,19.8,12.0,34.9,30.8,24.3,23.4,12.7,18.5,8.4,12.7,23.0,50.0,13.2,20.6,20.3,45.4,10.2,41.7,14.9,18.9,7.2,24.2,7.2,19.5,19.3,20.0,27.1,23.5,6.3,20.8,19.9,23.4,14.8,43.1,20.4,18.3,23.9,21.2,10.8,31.5,19.4,33.1,23.2,23.7,26.6,29.8,21.9,13.4,17.5,19.5,17.5,20.7,32.0,29.1,18.4,14.3,20.5,32.7,13.8,29.6,23.8,18.9,24.8,50.0,22.2,22.6,17.8,14.5,22.0,27.5,37.2,23.1,21.2,18.2,19.8,31.5,18.1,18.9,24.7,22.9,20.1,8.3,16.2,27.0,16.8,32.0,22.6,21.8,12.3,50.0,24.3,31.6,31.7,20.6,21.2,18.2,30.1,23.1,10.4,18.0,26.4,18.4,13.1,24.8,22.9,26.5,24.4,48.5,8.8,21.7,22.6,25.0,28.0,22.0,30.7,15.6,21.0,35.1,24.8,18.2,19.8,8.4,22.2,20.8,23.3,8.3,21.9,46.7,11.5,17.4,19.3,20.3,13.8,5.0,15.4,28.7,20.0,50.0,11.8,19.4,16.7,28.7,14.9,16.0,22.0,50.0,15.2,27.1,27.5,12.6,16.4,25.0,17.1,22.0,15.3,29.0,50.0,24.1,9.6,29.9,10.5,8.7,15.6,15.2
25.3,25.0,29.0,19.6,14.4,22.2,27.9,13.1,11.9,12.1,15.1,16.1,19.0,18.5,19.3,19.7,22.5,18.8,15.6,33.8,30.3,10.2,23.1,35.4,20.5,22.2,19.4,19.2,19.6,26.2,19.6,25.0,23.3,15.0,13.3,24.5,18.7,8.8,28.2,17.4,23.8,29.1,18.5,32.9,22.8,9.5,14.5,23.2,17.8,21.8,23.0,43.8,20.6,22.1,23.6,21.4,12.7,14.1,21.4,38.7,16.5,22.9,43.5,16.8,20.1,21.2,31.6,19.3,14.6,46.0,26.7,22.0,17.0,13.6,48.3,36.2,24.7,29.4,23.8,20.0,23.9,11.3,17.8,22.6,36.4,42.8,23.8,25.0,7.2,25.2,21.4,13.8,22.4,22.5,37.0,19.1,32.5,16.2,22.2,20.4,18.8,20.7,18.3,23.0,16.3,17.8,23.9,13.6,35.2,28.7,22.8,24.1,21.1,17.2,21.1,20.1,19.4,7.0,27.9,23.1,13.3,50.0,17.7,13.3,50.0,33.1,19.4,23.7,19.2,11.7,18.7,19.1,20.1,15.6,22.7,24.4,15.0,31.0,23.7,50.0,18.6,18.6,23.1,50.0,23.0,22.9,33.3,23.1,33.4,28.4,50.0,16.6,20.9,36.2,17.2,13.8,10.2,36.0,20.6,23.3,19.1,14.9,24.4,22.3,8.5,16.7,8.1,20.3,21.7,13.8,17.9,32.4,19.5,44.8,23.1,16.5,24.8,14.1,26.6,19.3,17.2,14.6,20.1,19.6,50.0,22.8,35.4,8.5,15.7,20.6,14.0,20.4,11.9,20.9,21.7,19.9,10.9,19.7,23.2,48.8,7.4,20.3,17.5,24.4,22.5,17.1,14.2,23.9,37.3,23.6,19.5,25.0,11.0,37.9,21.5,15.0,14.3,25.0,7.0,27.5,36.1,24.5,11.8,13.1,21.5,50.0,34.6,14.1,44.0,20.8,31.1,30.1,24.5,20.2,13.1,25.0,50.0,15.2,13.5,21.7,12.5,29.6,10.5,33.0,23.2,24.6,13.5,21.9,22.0,5.0,42.3,10.4,15.4,19.4,19.6,18.4,21.0,13.9,12.8,32.2,24.7,34.7,17.6,7.5,22.4,27.5,29.8,21.2,24.3,14.4,34.9,28.1,28.4,20.6,41.3,39.8,19.0,31.2,19.9,30.1,21.4,22.6,17.8,20.4,17.3,14.5,33.2,20.0,33.4,16.1,17.1,20.2,34.9,15.6,10.9,13.0,16.1,50.0,22.7,20.5,13.4,22.3,18.9,24.0,23.3,28.6,30.5,23.7,13.4,19.8,12.0,34.9,30.8,24.3,23.4,12.7,18.5,8.4,12.7,23.0,50.0,13.2,20.6,20.3,45.4,10.2,41.7,14.9,18.9,7.2,24.2,7.2,19.5,19.3,20.0,27.1,23.5,6.3,20.8,19.9,23.4,14.8,43.1,20.4,18.3,23.9,21.2,10.8,31.5,19.4,33.1,23.2,23.7,26.6,29.8,21.9,13.4,17.5,19.5,17.5,20.7,32.0,29.1,18.4,14.3,20.5,32.7,13.8,29.6,23.8,18.9,24.8,50.0,22.2,22.6,17.8,14.5,22.0,27.5,37.2,23.1,21.2,18.2,19.8,31.5,18.1,18.9,24.7,22.9,20.1,8.3,16.2,27.0,16.8,32.0,22.6,21.8,12.3,50.0,24.3,31.6,31.7,20.6,21.2,18.2,30.1,23.1,10.4,18.0,26.4,18.4,13.1,24.8,22.9,26.5,24.4,48.5,8.8,21.7,22.6,25.0,28.0,22.0,30.7,15.6,21.0,35.1,24.8,18.2,21.6,19.1,50.0,26.4,17.4,19.9,24.6,36.5,28.5,21.7,24.1,21.6,5.6,13.4,24.0,21.0,13.9,21.4,11.7,18.7,23.9,18.5,21.7,9.7,33.2,25.1,26.6,22.0,16.6,37.6,21.7,22.8,20.0
